diameter,0
incorporated,1248
communicate,1
exp,2321
minimums,2436
mini,1596
tbd,2522
blindow,20
rescue,1249
towed,1250
rang,3
trafige,1252
vzlete,26
weed,2548
rcl,1254
sup,4
depe,1255
cont,5
website,6
bazza,7
linton,8
songhe,9
sammy,10
hdn,1257
removed,11
upotrebe,1259
privremeno,12
nord,828
pks,13
telefonla,1790
gelata,1261
metar,14
port,15
noman,104
feb,16
effective,1263
lrtsa,1264
elasa,116
quebec,17
metsniku,1266
gkn,18
lateral,19
nations,127
raim,2
lax,1268
tisau,1850
filed,2157
gorevlendirilen,21
nvg,22
excavation,23
tdm,1465
asgor,2335
boundary,160
bilgilendirilmesi,1756
poluprecnika,24
mitoh,25
unprovided,1687
otkep,1271
mainly,2151
diger,1272
st,1784
miseluk,520
pje,1253
ebtsa,2362
date,1273
predkosc,1274
look,1275
alapuolella,205
position,28
digital,2247
dah,29
mae,30
responsabili,31
sanliurfa,32
flights,1279
sa,33
beciu,34
plg,1280
coordinate,35
manoeuvring,1282
uk,36
calama,1283
cdu,37
primary,1285
bulan,2298
gnd,1286
roa,39
taral,1288
dvor,40
echo,2375
gigal,41
elkar,1401
fis,42
clkws,276
adjusted,281
lgtd,43
eytsa,1294
ochrony,1295
encharcada,44
brg,1297
bza,45
uav,1469
normal,2523
display,47
pracy,826
cmb,2342
ww,1300
upper,49
mbst,50
iha,51
refers,52
antofagasta,53
fltck,54
turkiye,1693
ikerasassuaq,2354
starting,2476
fim,55
yn,1304
pusztaszabolcs,56
dcc,57
declared,1470
amdt,422
ck,59
betno,60
fm,1305
ead,61
evaluation,1694
nurso,62
machinery,1306
ret,63
responsible,64
geoid,65
aug,66
western,1308
signals,67
note,68
oraz,69
lin,508
ikela,71
bocas,1258
rvr,2312
gokcen,1310
int,1311
kurallarina,2259
sealing,73
nca,2332
mode,1312
helipad,74
varnita,75
carrier,1314
cadiz,2333
deba,76
hasan,2252
communication,1316
stop,2110
superseded,78
lmm,1317
radar,1318
southbound,1319
asoba,2111
lctra,1697
ogni,1320
lower,1321
lvz,1824
abrog,80
pcl,81
mov,1324
limits,82
klax,83
epbk,2284
dest,84
replaced,85
sgfa,86
address,1775
eamta,1056
tayer,87
photography,2438
purjelentoa,516
reduced,88
latest,89
dqn,90
cell,91
cats,1330
hereunder,1331
karup,93
thu,1333
obstacles,94
provided,1334
pink,95
acft,1849
pingzhou,564
aro,97
chania,98
lbf,99
portuguese,100
forbidden,101
glider,1479
sapda,103
mevcuttur,2258
ulazak,1337
hcn,1262
implentation,2117
london,1338
directional,1339
article,105
enor,1340
uas,1701
intrusion,1341
gliding,106
hsd,1342
bilgi,1343
amakr,1344
roma,107
canberra,108
aup,109
white,110
civile,1538
humanitarian,2341
straight,2453
method,111
islav,1347
godziny,1348
nodle,112
bravo,1349
app,113
saleh,114
coast,115
bayern,2274
unmanned,646
arp,1353
elevated,1354
rdr,447
authorisation,1355
hizmeti,674
conjunction,434
wsmr,1357
aip,1358
spadochron,120
letiny,121
activated,122
vortac,1359
properly,123
agava,124
vhf,1360
cwy,125
abruzzo,126
cumhuriyeti,1267
lirq,2121
separations,128
inis,1361
ulmer,129
fixes,130
guidonia,131
jadralnem,132
ympyr,1903
taxiways,1362
avbet,1363
non,133
advisory,1364
destination,134
activities,135
commission,1365
abv,1366
musaadesinde,1661
rets,136
vechi,137
audia,377
awos,2410
aviation,1368
encouraged,138
xs,139
notamed,1370
equipment,140
gumbo,141
alcazares,2124
rundi,142
remains,143
opazovanjem,1372
centered,144
volcanic,145
applied,1375
jun,1376
ardennes,146
juggl,1378
fault,147
instructions,148
prkg,2529
uwr,149
region,1380
pyydet,150
dotmi,151
ats,1381
base,1853
monte,152
collision,2324
austria,2407
havada,153
director,1931
demolition,1382
distances,154
icao,1383
dct,1384
wanrong,155
cancels,519
outages,156
restrictions,157
ellesborough,1386
havalimanlarina,1387
osanu,2547
sono,158
say,1603
intense,441
deactivated,1904
otr,885
federation,888
start,159
wnd,1270
til,161
priestore,1393
grass,162
ucusu,163
notified,2128
cone,164
actual,165
pylon,72
grenade,2370
intl,166
code,167
saturation,168
flt,934
names,1399
oe,800
ppr,950
etd,1402
havaalani,1403
point,170
billund,1404
lead,975
purposes,171
ucus,2528
natev,172
arresting,1408
coordination,1409
moderate,1410
hrs,1411
fonte,174
location,1002
belga,1414
inlet,2352
majura,1855
currents,1415
rnav,2334
vovz,1416
calismamaktadir,1027
mt,1418
vis,175
fasel,176
km,177
ilgili,178
nilok,179
airservices,180
los,181
police,1422
explosives,182
lemo,1774
amend,1424
solo,1425
obmocju,1063
zaradi,2353
mta,1427
zaman,184
katowice,185
switzerland,186
remain,187
case,1711
sec,1429
occur,188
lhs,189
ls,1431
bc,1432
za,190
oceanic,1434
ovr,191
icin,192
fot,1435
brisen,2429
model,1436
ei,193
ssr,194
eta,1437
departing,1438
oiii,1439
airspace,196
publico,197
kanlaon,198
toulouse,1441
vordme,1875
fly,1442
eb,1426
query,1443
mosel,1444
width,1445
kong,1913
eyd,1446
krywlany,1447
toy,1162
vnav,199
nicho,1449
biarritz,200
gfe,201
alan,2127
nuys,1179
po,1451
subroto,1715
ceremony,27
cig,204
bbi,1739
wef,1276
page,1537
real,1197
pilot,208
entry,1499
psn,1216
napier,210
mey,1226
odra,1454
aed,1455
phk,212
level,1456
establishment,213
fyu,214
moze,1906
netab,1460
clearance,1461
test,216
tylko,1463
istanbul,217
centreline,1464
gomap,1269
rollout,1466
teano,1840
context,1710
period,1277
signal,2069
good,1284
panbe,1720
vgsi,220
announced,1468
mtr,1299
vh,221
bangfai,2319
blocked,222
havalimani,1471
kord,1472
progress,1473
faf,1227
jib,223
vicinity,224
type,1475
cm,1980
uvupu,225
sutaz,226
downgraded,1920
battle,227
durante,1478
laoag,228
ba,1336
mk,1954
zone,1480
aerodrome,2141
porpouses,229
verilerek,1917
requirements,1482
circling,2536
fuel,1483
atislar,230
avbl,1892
tarafindan,1485
radius,1486
change,231
www,232
lagar,1487
increased,233
piikaj,1722
worcestershire,234
abatement,235
extended,2527
sr,236
large,1281
repairs,2001
eff,1490
tar,237
central,1709
ultra,2195
pietroasele,1493
steps,250
workload,239
fac,1495
aerea,240
sx,241
ausotstoday,1498
mmd,242
sahasina,243
cve,244
rissington,1653
yollarindan,1500
epd,245
exc,246
domestic,1501
wollbrandshausen,247
limf,248
artillery,1503
line,1725
clc,249
practice,579
dthr,2057
parking,1507
jutland,1508
release,1509
july,1527
btn,1510
sartlarda,252
lkpd,2415
saped,253
length,1511
kulesi,254
flw,1513
pp,255
amended,2229
alpha,256
big,1514
calismasi,257
health,258
ucuncu,259
calicut,38
zalew,1515
wilsche,260
aira,261
ostfildern,1287
flex,1518
colgado,262
track,263
rocket,1714
cutting,1520
se,1521
emerg,1289
sfc,1522
ograniczen,264
ops,1524
opn,1525
participating,265
trafo,266
saber,267
ws,268
papa,2145
osnab,1528
aic,270
merkez,1529
tonight,1654
kite,2146
rcag,271
cld,1531
perm,272
pridobiti,1532
mssr,273
congestion,274
permitted,1533
avoid,1534
work,275
kecks,788
atoti,277
seven,278
rnn,279
storms,1536
tfc,1512
wp,2513
density,280
aid,2048
ssi,1114
quality,282
alfa,1732
elev,283
papi,1944
twine,284
suitable,1293
wsap,285
trials,286
planlamalari,1541
unusbl,287
rmn,1397
ave,2541
bodensee,288
bilto,1543
balba,203
ground,1544
ambulance,289
irkutsk,290
ubiri,1546
radial,1296
dalgt,1548
vice,291
mountain,292
rheinland,293
potential,294
muhtelif,2192
planned,1481
notam,1551
drg,295
unr,1298
hdg,1552
vaara,297
chart,298
laterally,1526
dng,299
dimentions,300
affected,1555
movement,2374
permission,301
sedku,302
says,1556
bbb,1557
vyk,1733
lpps,1558
ngt,1708
vol,1559
operational,1560
jordn,1561
wa,303
skybeamer,304
different,1562
reasons,305
anglia,1563
gorna,1564
advice,306
established,307
kapa,1566
matix,308
gorevli,309
firing,310
province,311
odasi,312
cut,313
swanwick,314
home,315
liaison,1734
erased,2350
masowa,1565
tatod,2512
briny,1571
released,1572
ebr,316
id,1574
potat,2016
construction,1575
given,1576
palmdale,317
percent,1946
niebezpieczna,318
inside,319
ep,1389
aware,320
basis,321
opposite,1517
sahada,322
moose,323
shobdon,2021
unavbl,1580
kts,324
eagle,2483
gulf,1581
oiie,1497
makassar,1301
wlm,1582
arasi,1302
redl,1584
refer,326
birimine,1586
karvi,327
mml,328
envar,329
freq,330
gatot,1590
fireworks,331
does,1421
golesh,1593
lgsa,332
maastricht,333
lctd,334
march,335
car,336
mactan,1597
muodostuu,1598
tdze,1599
pristanke,337
msa,1600
yangin,1795
pyrenees,1601
bty,1602
renumbering,338
zrakoplovov,1738
preventive,1604
garda,339
mimku,1605
ustil,1303
acrft,2314
manned,340
txl,2203
mg,341
counter,342
ev,343
australia,1922
monitoring,344
grooving,866
gliders,346
wha,347
issue,1523
runways,348
exercise,1905
lab,867
murcia,1740
national,351
nukti,352
hrl,353
pokazy,354
icinde,2160
ifr,355
hanstholm,1615
bounded,1616
supervisor,1617
odobrenje,356
crossing,357
sep,1618
eetsa,1619
redditch,1620
baze,360
professional,1622
wsat,1623
rpas,1624
annex,361
migug,1940
porto,2515
gnss,553
zsss,1626
lt,1941
gld,362
gfk,1628
fueling,363
missed,1629
sehit,364
lom,365
sc,2454
westwards,366
perpendicular,367
orzysz,1502
cented,368
nm,1633
aerial,1634
passed,1635
pn,2470
coningsby,369
performance,370
pae,2468
hoodo,871
ses,1742
olmayan,1636
described,1637
bn,372
baleares,1638
elbak,1639
spanish,373
terrain,1641
including,1743
alaska,1810
segment,1726
aerobatics,374
lappeenranta,1642
sdd,375
following,1943
ascend,376
nie,1643
letter,1744
vertical,1307
reference,1644
conventional,2169
hava,2260
acroama,1745
wed,1645
mast,1646
rsvn,380
terorle,1230
sse,382
aerobatic,891
niesprawnosci,384
difference,1530
zonu,1651
il,1652
dosut,1569
mount,2283
mea,385
forward,386
fpl,387
tkof,388
toda,1407
avmup,1655
borto,1656
twr,389
crack,390
raymo,391
hcaa,1658
set,392
lnav,393
pomaranczowo,1476
lfci,1945
nsk,394
addition,877
preferred,396
olmak,397
exclusion,398
zielonka,399
ise,1663
hgt,1664
kalkis,1665
atc,1666
siipien,1667
rapid,1668
security,400
magma,1669
plan,2422
france,1670
gli,401
na,1671
rejonie,1672
wingspan,402
ikt,2524
nawigacyjne,1674
zona,403
apn,404
ta,2104
aresi,1675
nunla,405
certification,1326
heyford,1776
addn,407
moving,1677
testo,1395
yapilacaktir,1901
hta,408
erected,1679
orange,2206
cel,1949
omni,2174
acm,410
lrr,2309
trsn,411
volcano,882
aea,413
rs,1676
lfmk,1680
van,414
stnr,1951
almamis,1682
vyziadat,1683
havelte,490
wip,415
musaadesi,416
publication,1684
ash,1685
fl,1686
poss,2403
survey,417
swifts,418
lvl,1688
war,2006
enoru,1689
imk,1952
torex,1690
spd,419
gor,2428
esik,1692
nuuk,420
severe,421
uspostavljena,58
drift,423
descent,1695
trk,425
paragliding,426
intst,1696
thr,427
vwv,428
anytime,1699
probibited,1700
rte,92
physical,1702
flood,429
snowfall,430
airbase,1703
impact,431
sm,1705
enter,1706
zones,432
parpa,433
min,1707
imposed,119
specific,435
comply,436
barricaded,437
wo,1993
circle,438
routes,1804
tu,439
ioannis,440
lat,1313
cdr,2179
radiostacji,442
charge,1919
trng,443
supp,444
przeciwpozarowej,2404
surveillance,1785
ref,445
modestos,446
pafos,1713
mica,448
croisic,449
joka,2424
borli,450
live,451
manager,1716
emron,452
apv,453
interior,454
kyjov,1717
rdg,1718
limitler,1719
ve,1491
partially,455
den,1374
seuraavat,456
centred,457
adder,458
paris,459
dla,1721
refuel,461
waas,1723
rts,462
concentration,2245
advs,463
polomerom,464
effect,465
ho,466
fetch,467
ikmali,251
bro,468
trafik,469
hla,470
kayit,471
boarding,1540
operating,1728
obmedzeny,1729
wi,472
subj,473
provisions,474
operated,475
adj,1731
ulr,476
visible,1013
hours,477
wznoszenia,79
eaip,2182
transits,1757
markings,480
mela,2180
tesat,481
sabno,1290
cranes,2216
near,482
kruh,483
motad,484
circuit,485
takiben,486
vessel,1736
plant,1737
almasi,893
druridge,488
zapewnione,2153
dalpa,489
anita,971
ibabi,491
med,350
enr,492
apron,2286
trafikleri,1741
media,2055
heywood,493
hlg,494
mildenhall,495
ibano,496
charts,379
manageable,381
abcd,498
closure,499
palm,1746
integrated,2044
cons,2287
gzd,1747
prevent,1748
babadag,500
varying,1749
kruzna,1750
secondary,1751
letelica,1752
miami,501
year,1753
bidford,1974
explosions,2413
mar,502
bp,503
pla,1545
sukhothai,2414
prior,1755
exist,504
tcs,1659
pionowe,505
mugus,506
direction,1761
centrom,479
yssy,1758
bochum,507
polttoainetta,2187
ulm,1759
onceden,682
activity,2170
ra,509
borlange,510
convection,1547
obs,1762
reduction,1763
ga,2300
num,2416
batvik,2098
wysokosc,2376
const,511
tracks,1265
rejonu,1765
martyr,1766
mav,512
italiano,513
dd,514
maint,1292
vac,1769
affects,1770
rsl,1452
promieniu,2418
ascents,1797
kota,1771
lca,515
um,1549
gat,1328
segregated,517
santo,2272
atmosfery,1773
unknown,518
damage,638
presidency,587
caution,1392
msl,2190
ukraine,521
abvar,522
force,600
herma,523
doc,1778
wypuszczenia,1591
specifications,525
transitting,1779
suresince,1329
windsheim,526
outside,1781
pyrotechnics,527
samppalinna,1783
glidepath,528
gr,529
sivil,530
kazantzakis,531
embarked,1787
lotow,1767
abeam,532
mozliwy,656
vod,533
rachman,1970
launching,534
wrng,535
pilots,1792
expect,536
civ,1095
vj,1793
modelarska,1768
hungary,1332
oberalppass,538
rkiv,1794
tel,218
main,692
wnw,540
windcone,541
management,714
scale,1798
launch,543
discretion,1799
elsenborn,1800
civilian,1801
uws,544
del,545
list,1803
wolny,733
lopra,1805
tacan,1806
district,547
std,548
orpolo,2277
wien,549
mda,745
authorization,1808
elati,748
exit,551
kinabalu,1811
evd,552
exercises,46
measures,554
arasinda,2007
visina,2194
published,2348
permeable,556
missile,1812
aj,1813
formation,1428
cagayan,1814
als,1815
debido,557
nadlezne,558
insansiz,1817
zgody,559
ys,1818
allowed,1819
aftn,1820
hukumlerine,2439
letenja,560
santiago,1103
checklist,562
clsd,1462
letaliscu,563
nato,2365
np,96
officer,1553
baraz,1914
pose,565
emper,1477
sartlara,1772
ndb,566
use,1457
final,1825
caldera,1826
dovoljenje,1893
bal,853
haric,1827
organizatora,1828
ceas,1829
aviano,568
ostrzezenie,1830
crna,1831
potrebno,569
intrp,1832
avoidance,570
pou,1833
currently,1554
defined,1834
charters,571
lmore,2268
zostanie,1835
fragments,572
vidp,573
auto,1836
indirizzo,1061
gander,1838
adz,1839
ausga,1648
operate,574
cajupi,575
salm,1842
alt,576
entrance,1844
tue,577
street,939
russian,1846
prilety,578
ja,2199
wypuszczony,1847
ldg,580
surface,1570
orig,722
mutmi,581
bay,964
ads,1134
anotafagasta,1852
trigger,981
park,583
movbi,985
reported,987
pa,586
chaty,998
zadar,1854
item,215
qnh,589
pordenone,2167
aerodromes,1698
emisyon,590
adverse,591
animalier,592
sector,593
ea,594
olsztyn,1858
hr,1983
bord,1754
lgts,1860
luis,596
verilmesini,597
validation,1841
griffiths,2201
poor,598
rejon,1863
czas,1864
usaf,2506
possible,599
reporting,1865
gecis,1866
uyulmasi,601
canal,1136
uzere,602
measuring,1987
apch,2178
ramp,603
przegladu,604
baarlo,605
dnh,1869
flight,1137
sect,1870
red,607
trafiklerine,2204
newmo,1872
mare,1873
kontakt,2230
auth,1874
bulletin,2112
tcw,588
bzm,2246
switched,1345
permissible,609
probable,610
explosive,1346
saef,612
angles,613
twy,614
kilinacaktir,2554
obtain,1877
ikkp,615
simulation,1878
isiklari,616
enob,617
fixed,1881
high,618
jagodne,1882
wlot,1883
sondowanie,619
notamli,1885
ils,1567
hoverzone,2442
nav,620
khz,1934
guaranteed,1886
concerned,1887
birmingham,1782
onion,2158
conform,621
unrest,2088
concerns,622
disposal,2392
eze,623
omejeno,624
phreatic,1889
opr,625
transitions,626
dikey,627
federal,1891
oblakov,628
techizat,629
qfu,2156
flag,630
bzb,631
overall,1894
relocation,632
nat,633
fulmr,1895
guguk,634
por,635
txt,636
jaspa,1896
power,637
mhz,1897
sakurajima,1898
storm,1899
hazardous,1995
kes,639
publications,1900
yupru,640
tufan,2510
holdg,1902
inbd,2551
waga,641
barrier,1727
controlled,2067
ss,642
vinik,643
occurring,644
gyi,2280
lirf,645
xiulin,2211
units,1880
dingolfing,1390
wcl,1352
jumeirah,647
sked,2213
gap,649
info,1907
qne,650
exempted,651
hampstead,652
hallsville,653
panglao,2532
kabek,1908
mia,654
spot,655
lebg,1789
station,1910
ekd,1911
north,1912
assigned,657
mackay,1780
mvfr,2315
le,1966
ersa,658
anc,2519
lqd,659
lgt,1419
vfr,2448
repair,1400
rodel,1999
oloron,660
svc,661
strips,662
departure,1918
yerlerdeki,1489
tunto,663
crisis,664
girerken,665
mon,1921
disregard,666
korespondencyjnej,667
beach,1923
warning,1924
quintero,668
linate,1925
meteorologiczny,1926
undergoing,1967
ambulans,669
english,670
aeolic,1928
sp,1791
saatavissa,671
slope,672
kaohsiung,1930
restriction,1550
tuscola,673
detailed,2431
limited,118
gqo,2477
gerekmektedir,1542
changed,675
kalkisina,676
shenzhen,2009
ksfo,1927
ef,1583
filing,1578
sent,677
boeing,1935
schwerin,678
wonyu,679
veya,680
mastershausen,1936
sondowania,681
desig,1938
srednica,1939
farnborough,1625
att,1579
telefonicky,497
olila,1172
bespilotna,683
vcy,1884
wireline,1373
trafiklerin,684
wx,685
gram,2217
docasne,1947
air,686
zspd,687
lrd,688
intermittent,1073
taksi,1950
instr,1681
rffs,1505
ch,539
olan,690
bursa,2503
joining,2219
circular,2473
kontrole,358
hosp,2285
wpt,1484
ataturk,693
guard,694
deg,1712
moulin,696
anmd,1955
observed,697
ara,2024
keskipiste,1957
instrucciones,698
great,699
lfre,1796
aoc,1959
ort,1960
accordingly,1962
bialystok,701
cable,702
coor,1961
tramore,703
crane,2520
cihaz,704
balon,1958
used,844
wet,1963
eddb,705
unpaved,706
mag,1965
gorman,707
attn,708
idkerberget,1937
pushback,709
atz,1969
sitno,710
wewak,1971
phichit,711
lotnicze,1972
zvysena,2420
eruption,712
lgir,713
vtbs,542
carlisle,1975
yorkshire,715
rt,1516
gas,716
opened,717
kabam,1976
overflying,718
girisine,719
unuseable,1977
ucuslari,720
rep,721
ntm,1978
gv,2457
arr,1291
time,723
japan,2224
efd,724
lirezpzx,1982
odbedzie,1859
wmkp,1984
city,1985
suggested,1986
mission,2225
hldg,1871
par,725
green,726
lf,1988
punkcie,1989
calismalari,727
lent,1991
stins,728
plus,2338
luffing,1992
er,729
gbas,1994
th,730
araclari,1323
dep,731
lirg,1998
musaade,1585
phrae,732
umd,1916
dpt,2000
met,546
madagascar,734
max,2530
ratvo,2389
house,735
arama,2082
nelni,1786
askeri,1587
ap,2330
retin,736
watch,1973
strike,1588
var,737
tataru,738
locations,2005
limit,739
nedeniyle,1589
organizer,740
tax,1807
text,1981
postion,741
gps,2008
climbing,1595
validity,1876
lmt,1953
hyvink,1777
cond,2010
verde,2011
addressed,742
baden,743
vehicle,2012
prenzlau,2377
lebanon,1592
zr,2464
fai,1406
en,744
napoli,2521
automatic,2013
arizasi,550
points,1724
kapsaminda,746
using,747
consideration,1821
ais,2015
equipped,1594
pyroclastic,1809
ocenjena,2017
floodlights,2018
letalisca,2467
stands,749
pokaz,750
assessed,751
cisle,752
harbour,1519
marked,753
anticlockwise,754
lire,2494
cat,755
pbb,2023
li,756
roy,757
kaunas,758
yenileme,759
measurement,2026
lipe,2460
personel,2027
bikno,2210
paliwo,2028
ssw,409
mcg,2030
fuelling,1822
nxt,760
fri,761
lda,2031
hong,2032
saha,762
araclarinin,763
edilmeyecektir,764
dme,765
letiska,766
frng,2034
launched,767
wgs,1367
ad,2035
duty,2014
dunhuang,383
boars,2036
grenoble,768
aprove,2037
je,2038
denmil,769
ibadan,1704
rodillo,770
daggett,2039
nad,771
istenilen,2163
received,772
aaa,2041
iwb,773
germany,774
binhai,1369
mangalore,2043
superiority,2279
grazzanise,406
domom,775
bdry,776
pudya,325
atacama,2045
mmr,777
imc,2046
ghradieq,778
routing,779
musade,780
lirgzpzx,2049
denko,781
stripe,782
firefighting,2051
dttgzpzx,2052
organ,2053
hotel,783
instl,2054
mentioned,784
exer,785
pad,786
pibot,2056
indications,1059
gieboldehausen,1997
nodab,2059
flying,2255
ozark,2060
oprema,2061
northern,2062
rvi,2063
oca,787
stopbar,1371
trial,2064
pax,2328
airborne,789
av,790
tpr,791
asda,945
ltt,793
tnn,1879
eskisehir,2256
naming,794
augsburg,2071
resurfacing,2072
instrumentalne,2073
airspae,2074
timetable,2075
public,2058
insaat,1816
vacate,2100
pazaric,795
rad,2077
reventador,2078
vip,1909
hughes,2079
reaction,796
swy,797
bohol,2081
requests,2384
tqa,2538
associated,1539
kdfw,798
laser,799
sat,2083
bueng,2227
waaa,2084
lasis,801
flypast,2085
open,2086
pac,2241
chieti,2087
push,802
kdx,803
ctr,1385
delays,804
lzjs,2020
tarafinca,805
horizontal,2090
unduty,806
ybc,2091
deactivation,2092
rdl,807
iguru,2242
velax,809
niedostepny,810
jet,2094
cta,811
gbe,848
ctaf,812
regulatory,813
inst,814
omava,2243
danger,816
kensington,2097
coord,1496
ukli,296
stornoway,817
extension,2099
muehlacker,818
shoalwater,2469
eglon,1607
regulations,2033
aktivna,2101
airfield,819
bolgeye,2449
new,2102
lrtra,820
implemented,2103
uz,821
yer,2105
self,822
tma,219
yenisehir,2106
lctsa,2107
advized,2108
india,823
araliklarinda,824
wmkb,825
capua,48
graphic,2278
range,827
asagidaki,2109
transiting,1450
sumburgh,1412
flow,829
run,77
belirtilen,830
mas,1933
lfrq,1608
lpax,1942
hat,2113
srodku,2114
niedostepne,831
bnd,832
isn,2115
da,70
entering,833
modify,834
ntat,2118
anticipate,2119
procedures,835
letenju,2025
kapli,1609
dmstn,836
raohe,837
operator,1610
connecting,838
ama,2122
hold,839
agios,2452
profile,2125
yaricapli,2126
deice,840
gca,841
amator,842
serve,2129
sar,1823
dsplcd,2130
sharp,2131
prd,2132
remaining,2029
airac,2133
competition,845
kyun,2022
hlv,2135
approaching,2142
authorized,1377
managed,847
ouse,2136
nolu,2137
rochdale,2138
upr,2294
requested,2139
teatteri,843
sabiha,1611
vor,850
degrade,851
padova,852
turet,238
vtn,2465
hotton,2143
castello,1612
moved,2552
leguizamo,2144
brize,2499
wid,2482
cl,2455
tsa,269
prop,567
hener,2147
rctp,854
pandang,855
availability,2148
cargo,856
unless,2150
lowered,857
cab,2397
bunar,1968
cross,858
ujung,859
schober,860
abu,861
suboficial,2154
update,2155
kolo,2329
heli,2357
herefordshire,862
unserviceability,863
mnps,864
daytime,2244
okc,865
current,695
balloons,345
menorca,349
turbin,868
land,1614
lit,2161
carry,359
read,869
clr,870
tempo,2164
separation,2165
river,2166
command,371
letenje,872
pfalz,2168
len,378
inspection,873
ctc,874
specified,2171
buffer,875
superior,876
mayon,395
alueella,878
otorite,2253
pratica,2173
consequent,879
brent,1843
adiyaman,880
pct,881
prohibited,412
avgas,1494
activation,2175
potib,883
seguenti,884
restricted,2176
quiberon,2177
aprons,1391
arff,886
related,887
kolor,2380
akcak,117
gnnrr,889
rpll,890
twys,460
hand,2181
di,478
mucadele,892
stby,487
jedinice,894
taxilane,2162
coordinates,2183
phase,2184
marking,2185
temp,2186
notice,1488
esut,895
ballistic,896
iac,1621
oxfordshire,897
hexx,2189
aligned,898
ml,899
sportif,900
timings,901
lekki,524
eed,902
gorev,903
united,2296
amsl,904
times,537
yollari,905
brandenburg,2152
proc,2193
minor,1627
disturbed,555
sco,906
fua,2196
separated,2116
kalna,2197
ysb,2198
lake,907
ihts,1187
taj,1730
ficon,908
vhhh,909
saat,910
task,911
serbest,611
sign,912
situation,1396
fukuoka,606
kule,1260
creek,913
county,2205
opening,914
sia,915
stand,2207
es,2208
alueet,916
meteo,917
mardin,2209
koordine,918
tc,919
checkpoint,920
vse,2040
yapan,648
ual,1932
numpo,921
vina,2214
stettenhofen,922
merjenje,923
hel,924
cumhurbaskanligi,2262
little,2215
island,925
yy,926
lswd,2269
ausots,173
yogya,928
gear,2218
tora,691
hongkong,929
aberdeen,930
exteneded,931
office,2221
moa,2222
opadania,932
agl,933
telefon,2223
geo,1398
igur,2140
dist,2042
depth,935
hualien,1573
rdo,2496
cwi,2172
rolka,2228
working,1630
section,1161
kostrzyn,936
low,2231
pmrf,937
cambridgeshire,938
dornstetten,1845
ramug,2232
el,940
lirp,2233
email,2386
unita,2267
byc,2234
etkilenen,1856
nakli,941
counterterrorism,942
interval,2235
works,2236
ufn,944
men,2050
elato,1632
overflight,2237
paros,792
halfpenny,946
araxos,2239
unmnt,2270
confirmed,947
bolumu,948
tg,949
abingdon,207
area,951
daskalogiannis,2240
data,952
border,1848
fr,808
smeeni,953
bordo,815
portion,955
excluded,956
positions,957
rsa,1691
kadom,958
dly,959
fax,960
center,961
details,962
roah,1467
sayili,963
aleksotas,846
loc,965
prediction,966
vertically,967
ft,2459
mnm,968
waterford,969
rw,970
race,2123
pokrycie,1851
afis,972
ordnance,973
requiring,2251
taksiyolu,974
schiavi,1413
presence,849
sukovo,2254
compliance,976
bodla,977
southern,978
wb,979
microburst,980
drzavnega,582
hrk,982
utilize,2047
zlokalizowanej,983
meht,2261
coords,1929
gid,984
devlet,584
mirvo,986
norway,2263
sb,1890
diversions,2264
bialy,585
visual,2265
placid,2266
raised,988
end,989
relevant,943
adf,990
rqrd,991
yakit,2271
brunswick,992
strongly,993
chg,2516
guney,2545
pull,994
lipr,2273
abt,424
overview,996
skybriefing,2542
obst,2444
unrel,1356
abn,997
deluje,1015
artat,999
ttt,2276
choo,1000
deviation,1001
golyminie,1036
follows,1041
bad,1004
failure,1005
almiros,1006
strip,2250
alert,1007
magmatic,1008
smo,1009
tianjin,1010
regardless,1735
cancellation,1011
clt,1012
rwy,1074
ctl,1014
sectors,2200
yapabilmesi,1088
ul,2508
sanitation,2288
upgraded,1016
lipi,2290
sarr,1017
drop,2292
lec,1018
thunder,2293
calisan,1019
hawarden,1650
ehtsa,1020
adzd,1021
strefa,1022
http,1996
bfr,1023
township,2295
llz,1024
vdgs,1025
kurtarma,1026
para,2299
coincident,1146
roding,1417
du,1028
ident,1029
heath,1158
gouv,2302
town,2303
ymml,2304
pol,1577
lane,1030
korea,2305
medical,2306
vbt,2317
pindo,1031
sun,2307
tum,1032
army,1033
raja,2308
approaches,1034
ne,1035
vodje,1191
long,2202
dozvoljen,2310
kwang,1037
mexico,1038
arc,2311
close,1039
stredom,2313
proper,1040
leicestershire,1003
landsberg,1857
country,2316
vasi,1042
visine,1043
wolverhampton,1044
state,195
nicosia,2318
interference,1045
ellipsoid,2281
wuerttemberg,1046
contained,2238
manila,1047
ge,1048
aciktir,2423
nominated,2323
queensland,1049
handling,2325
empty_notam,2326
vienna,1535
podejscia,2327
personnel,1278
pass,1050
rnp,2282
calayan,1990
yhlc,1948
atis,1423
kanti,1051
height,1647
haa,1052
permitting,2331
bkz,1054
refuelling,1315
applicable,1055
request,1327
dimensions,2336
receiving,1057
sztucznych,2337
operators,1335
caserta,1058
acc,2339
briefing,2340
extreme,2248
acitivity,1060
delaikoro,1350
ismor,2343
uar,1062
machines,183
shortage,2344
pd,1649
izin,1064
ii,2345
impose,2346
diyarbakir,1065
bikf,2347
cerro,1066
characteristics,1379
cpdlc,1861
yl,1067
accordance,1068
verilen,2351
eastwards,1069
parachuting,1070
bacau,1071
iraklion,1072
moreno,700
separate,1420
yol,1075
conducted,1076
milaip,1077
ile,1078
nida,2462
minh,1079
avenal,1956
radiowe,2355
gun,1080
anti,2356
gibidir,1459
byd,1081
pendine,1082
kurarak,1083
solih,2358
sw,1084
vacated,2359
kalo,1085
stuttgart,1086
giriste,1087
unl,2275
nil,1492
ucuslar,102
class,1089
safety,211
altn,1504
jacko,1506
spain,1090
havalimanina,1091
uhf,1092
poziarna,2366
amberley,1093
possibility,1430
disembarking,2367
mass,2546
songshan,2368
leon,1094
diski,2369
nandy,1142
kategoria,2371
nowa,1096
changes,2373
increase,2289
services,2411
dated,2372
bird,1433
pbo,1097
uac,1098
specificati,1657
apr,2378
lwohzpzx,2379
ageta,1099
hangar,2381
based,2382
uad,2383
ybbb,2212
transplantation,2385
ser,1100
bagband,2387
san,1101
iii,2388
detection,1102
antenna,2390
gls,2391
visegrad,2076
peril,2393
denied,1104
uhr,1105
va,1251
barbara,1106
akota,1107
marcos,2526
pdc,2395
rcss,2396
emergency,1108
signs,2398
xng,1867
helicopters,2399
rogas,2400
mist,1109
eped,2401
uur,2402
whool,1053
ver,1110
monitored,1868
sabe,1111
balloon,1112
patrol,2068
boxer,2405
jurisdiction,1113
vinh,2406
periodic,2019
sv,2408
anaheim,1474
levelchanges,2409
si,2349
usable,1115
viterbo,1662
fighting,1116
creation,1117
nr,2412
gaziantep,1118
singapore,1964
trafikler,1119
polatkan,1802
zolty,1764
granice,2417
act,1120
lirv,1121
prvenstva,1122
performed,2419
urfv,1123
navy,1124
stg,2291
structure,1788
norton,1125
sealed,1440
types,1126
tarafta,2257
obtained,561
gp,1127
quick,1128
berlin,2544
rmk,2363
mur,2425
alternatif,1129
cnl,2426
taksiyolunun,2427
suspended,1130
asp,2297
trail,2430
floating,1131
flightcheck,1132
examination,2432
kahramanmaras,2433
sh,1133
document,595
ll,2434
nc,1135
aac,2435
wing,1862
shooting,2437
koordinator,1351
supplement,2134
day,1138
fir,169
areas,1139
mnt,1140
tainan,2440
lvp,2441
problem,1141
ths,2443
hazard,1143
pasa,1144
kapalidir,2507
chorio,2445
phone,2446
com,2447
iap,1145
stations,1613
gerekli,2364
talimatlarina,1915
parchim,1405
uzyskaniu,2450
carrying,2451
minutes,1147
awys,1631
idelu,1148
awy,1149
mil,1150
orari,1151
req,1152
shall,1153
makol,954
quote,1154
amacli,1155
yaklasmasina,1156
transit,1157
poziome,2456
blw,2301
declarated,1159
mga,1160
additional,1979
summit,2458
origin,1448
vopred,2066
chi,1163
wittesheim,1164
according,2461
ronchamp,1165
osoto,2003
place,1673
cipatat,1166
ptb,2463
predejane,2004
tared,1167
sie,2466
blue,2159
cancelled,2149
series,1168
bula,2514
obligation,1169
tekmovanja,2501
tecr,1170
ctn,1171
european,2421
vectoring,2525
snt,1173
common,2080
musaadeyi,1174
rockets,1175
articles,1176
limz,1640
kt,2070
rai,1177
mavra,1178
dasr,2471
sudden,202
rankin,1388
tcu,2472
vmc,1309
mach,2093
rehearsal,1837
hail,2474
installed,2475
nigit,2322
till,608
lukes,2089
puerto,1180
sudbury,1181
vomm,1182
prevention,2478
taipei,2479
sngl,1183
unit,1184
athena,2480
vdp,1185
sea,2481
gukon,1394
rubrique,2002
cb,2484
painting,2485
republic,2486
verilmeyecektir,1186
qx,2487
hol,1322
cabo,1192
tr,2488
imdx,2489
status,1188
shgm,1325
airservicesaustralia,2490
reserved,2492
powodu,2493
vancouver,1189
glen,2220
site,1190
procedury,2495
kalan,2226
lights,2497
bridge,1678
dodatkowe,1193
rimed,2498
centre,1194
cv,1195
aprx,1196
carcassonne,2500
jul,206
certificate,1198
expected,2502
abdul,1199
apply,2504
sedk,2505
promenade,1200
corridor,1201
coverage,1202
salmi,1203
kenwood,2361
lira,2509
zegrzynski,1204
od,2511
approval,1453
nw,1205
macau,1206
pz,1207
yukarida,1208
gvsv,1209
dawangzhuang,2320
nml,995
terminal,2517
mra,1210
libbo,1211
rumbula,2518
eqpt,1212
cza,1213
halls,1214
adequate,1215
roz,209
segments,1660
iada,1217
ejecta,1218
airshow,1219
ar,2095
impreza,1220
periods,1221
limc,2360
mckey,1222
scharnhausen,1256
major,2120
kaybi,1223
paved,1224
bgq,1225
atcc,689
subject,1760
groix,1228
zakresie,2549
yapmasi,2096
bays,2531
krzesiny,1229
inferior,2533
mobile,2534
icrd,2535
special,2249
rvrr,1231
dolna,1232
anchorage,2188
gavres,1233
sfl,1234
come,2537
reroute,1888
opole,1235
radio,2539
order,2540
glidingtasks,1236
priestor,1237
ca,2553
withdrawn,1238
malatya,2543
false,1568
turkish,2491
undulation,2065
classified,1239
edge,1240
tso,2394
true,1241
dabs,1242
group,1243
tra,1244
limitations,1245
multiple,1246
guangzhou,2550
interim,1247
known,927
remote,2191
chatteris,1606
winch,1458
livor,2555
